<?xml version="1.0" encoding="UTF-8" standalone="no"?> 
<board schema_version="2.0" vendor="EMBEDINN" name="zynqBC" display_name="zynqBC" url="http://www.embedinn.org" preset_file="preset.xml" >
  <images>
    <image name="zynqBC.jpg" display_name="zynqBC" sub_type="board">
      <description>zynqBC Image File</description>
    </image>
  </images>
<compatible_board_revisions>
  <revision id="0">a</revision>
</compatible_board_revisions>
<file_version>1.0</file_version>
<description>zynqBC</description>
<components>
  <component name="part0" display_name="zynqBC" type="fpga" part_name="xc7z020clg400-1" pin_map_file="part0_pins.xml" vendor="xilinx" spec_url="http://www.embedinn.org">
    <interfaces>

       <interface mode="master" name="leds_4bits" type="xilinx.com:interface:gpio_rtl:1.0" of_component="leds_4bits" preset_proc="led_4bits_preset">
        <port_maps>
          <port_map logical_port="TRI_O" physical_port="leds_4bits_tri_o" dir="out" left="3" right="0"> 
            <pin_maps>
              <pin_map port_index="0" component_pin="leds_4bits_tri_o_0"/> 
              <pin_map port_index="1" component_pin="leds_4bits_tri_o_1"/> 
              <pin_map port_index="2" component_pin="leds_4bits_tri_o_2"/> 
              <pin_map port_index="3" component_pin="leds_4bits_tri_o_3"/> 
            </pin_maps>
          </port_map>
        </port_maps>
      </interface>


      <interface mode="master" name="ps7_fixedio" type="xilinx.com:display_processing_system7:fixedio_rtl:1.0" of_component="ps7_fixedio" preset_proc="ps7_preset"> 
      </interface>




 <interface mode="master" name="dac_spi" type="xilinx.com:interface:spi_rtl:1.0" of_component="dac_spi" preset_proc="dac_spi_preset">
        <preferred_ips>
			<preferred_ip vendor="xilinx.com" library="ip" name="axi_quad_spi" order="0"/>
		</preferred_ips>
		<port_maps>
          <port_map logical_port="IO0_I" physical_port="dac_spi_mosi_i" dir="in">
            <pin_maps>
              <pin_map port_index="0" component_pin="dac_spi_mosi_i"/> 
            </pin_maps>
          </port_map>
          <port_map logical_port="IO0_O" physical_port="dac_spi_mosi_o" dir="out">
            <pin_maps>
              <pin_map port_index="0" component_pin="dac_spi_mosi_i"/> 
            </pin_maps>
          </port_map>
          <port_map logical_port="IO0_T" physical_port="dac_spi_mosi_t" dir="out">
            <pin_maps>
              <pin_map port_index="0" component_pin="dac_spi_mosi_i"/> 
            </pin_maps>
          </port_map>
          <port_map logical_port="IO1_I" physical_port="dac_spi_miso_i" dir="in">
            <pin_maps>
              <pin_map port_index="0" component_pin="dac_spi_miso_i"/> 
            </pin_maps>
          </port_map>
          <port_map logical_port="IO1_O" physical_port="dac_spi_miso_o" dir="out">
            <pin_maps>
              <pin_map port_index="0" component_pin="dac_spi_miso_i"/> 
            </pin_maps>
          </port_map>
          <port_map logical_port="IO1_T" physical_port="dac_spi_miso_t" dir="out">
            <pin_maps>
              <pin_map port_index="0" component_pin="dac_spi_miso_i"/> 
            </pin_maps>
          </port_map>
          <port_map logical_port="SCK_I" physical_port="dac_spi_sclk_i" dir="in">
            <pin_maps>
              <pin_map port_index="0" component_pin="dac_spi_sclk_i"/> 
            </pin_maps>
          </port_map>
          <port_map logical_port="SCK_O" physical_port="dac_spi_sclk_o" dir="out">
            <pin_maps>
              <pin_map port_index="0" component_pin="dac_spi_sclk_i"/> 
            </pin_maps>
          </port_map>
          <port_map logical_port="SCK_T" physical_port="dac_spi_sclk_t" dir="out">
            <pin_maps>
              <pin_map port_index="0" component_pin="dac_spi_sclk_i"/> 
            </pin_maps>
          </port_map>
          <port_map logical_port="SS_I" physical_port="dac_spi_ss_i" dir="in">
            <pin_maps>
              <pin_map port_index="0" component_pin="dac_spi_ss_i"/> 
            </pin_maps>
          </port_map>
          <port_map logical_port="SS_O" physical_port="dac_spi_ss_o" dir="out">
            <pin_maps>
              <pin_map port_index="0" component_pin="dac_spi_ss_i"/> 
            </pin_maps>
          </port_map>
          <port_map logical_port="SS_T" physical_port="dac_spi_ss_t" dir="out">
            <pin_maps>
              <pin_map port_index="0" component_pin="dac_spi_ss_i"/> 
            </pin_maps>
          </port_map>
        </port_maps>
      </interface>


    </interfaces>
  </component>



  <component name="leds_4bits" display_name="LEDs" type="chip" sub_type="led" major_group="GPIO">
	<description>LEDs 3 to 0</description>
  </component>
<component name="ps7_fixedio" display_name="ps7_fixedio" type="chip" sub_type="fixed_io" major_group=""/>



  
  <component name="dac_spi" display_name="DAC SPI" type="chip" sub_type="mux" major_group="SPI">
  	<description>Shield SPI1</description>
  </component>






</components>

<jtag_chains>
  <jtag_chain name="chain1">
    <position name="0" component="part0"/>
  </jtag_chain>
</jtag_chains>
<connections>


  <connection name="part0_leds_4bits" component1="part0" component2="leds_4bits">
    <connection_map name="part0_leds_4bits_1" c1_st_index="0" c1_end_index="3" c2_st_index="0" c2_end_index="3"/>
  </connection>


  <connection name="part0_spi" component1="part0" component2="dac_spi">
    <connection_map name="part0_spi_1" c1_st_index="5" c1_end_index="8" c2_st_index="0" c2_end_index="3"/>
  </connection>




</connections>
</board>
