<?xml version="1.0" encoding="UTF-8" standalone="no"?> 
<part_info part_name="xc7z020clg400-1">
<pins>

<pin index="0" name ="leds_4bits_tri_o_0" iostandard="LVCMOS33" loc="J14"/>
<pin index="1" name ="leds_4bits_tri_o_1" iostandard="LVCMOS33" loc="K14"/>
<pin index="2" name ="leds_4bits_tri_o_2" iostandard="LVCMOS33" loc="T14"/>
<pin index="3" name ="leds_4bits_tri_o_3" iostandard="LVCMOS33" loc="T15"/>
<pin index="4" name ="dac_spi_miso_i" iostandard="LVCMOS33" loc="U9"/>
<pin index="5" name ="dac_spi_mosi_i" iostandard="LVCMOS33" loc="T17"/>
<pin index="6" name ="dac_spi_sclk_i" iostandard="LVCMOS33" loc="H18"/>
<pin index="7" name ="dac_spi_ss_i" iostandard="LVCMOS33" loc="J18"/>




</pins>
</part_info>
